{"_step":44,"eval/loss":1.384764552116394,"train/global_step":1791,"total_flos":0,"train/grad_norm":10.64616584777832,"train/loss":0.7429,"train_runtime":1651.7537,"train_samples_per_second":57.566,"train_loss":1.179385638383432,"eval/accuracy_queue":0.5189393939393939,"eval/accuracy_type":0.8573232323232324,"eval/f1_queue":0.5208898320985332,"_wandb":{"runtime":1734},"eval/runtime":2.9094,"_runtime":1734,"eval/f1_type":0.8573009565158155,"train/epoch":9,"eval/samples_per_second":272.225,"eval/steps_per_second":17.186,"train/learning_rate":1.2658568055060538e-05,"_timestamp":1.7567319472258732e+09,"train_steps_per_second":1.807}